id;title;category;created_at;created_by;modified_at;modified_by
1;hmph;brood muffle;2024-05-21T07:04:59;893;2024-05-21T06:38:19;31141
2;meh after;bet 비행사 detain;2024-05-21T12:38:38;11958;2024-05-21T05:14:11;30167
3;윤리적 열심히 pooh;keel upon since;2024-05-21T09:42:26;20851;2024-05-21T18:58:55;9394
4;용돈 beyond 가입;솔직한 unto atop;2024-05-21T03:18:10;6564;2024-05-21T16:34:04;8144
5;excepting outgun;after ack;2024-05-21T07:58:31;20037;2024-05-21T02:35:21;12714
6;흥미롭게 음침한 geez;so meh 여파;2024-05-21T19:51:30;15262;2024-05-21T06:37:25;17899
7;깊이 의식하는;psst 바쁘게 blunder;2024-05-21T02:15:06;25208;2024-05-21T05:27:45;15423
8;with;부담스러운 towards yuck;2024-05-21T03:47:31;17137;2024-05-21T18:59:48;3964
9;공적 stash;광고;2024-05-21T13:28:29;23945;2024-05-21T20:24:50;13158
10;whenever 에이전트 별개의;aboard if 안건;2024-05-20T22:59:28;9545;2024-05-21T00:21:18;17731
